model,split,eval_set,log_loss,accuracy,auc,brier,apre,contested_log_loss,contested_accuracy,contested_n,n,fit_seconds,git_rev,run_utc
constant_rate,regimeA_seed42,val,0.6551809614867465,0.6369034084208044,0.5,0.2312583266734074,-0.3194622542532109,0.7270544239694195,0.5099150092061692,571356,1059875,0.0,none,20260611T233950Z
constant_rate,regimeA_seed42,test,0.6552458189766187,0.6367888160729268,0.5,0.2312899165976888,-0.319803890601718,0.7272950932608467,0.5094897867804962,569507,1058376,0.0,none,20260611T233950Z
member_rate,regimeA_seed42,val,0.6301917880608481,0.6483368321736054,0.62966637279379,0.2199245235000212,-0.2779141609122889,0.693686809289253,0.5518870896603869,571356,1059875,0.7,none,20260611T233950Z
member_rate,regimeA_seed42,test,0.629419965491148,0.649016039668322,0.6316093439803515,0.2195860829334255,-0.2753737133754025,0.6930832933692357,0.5524848684915199,569507,1058376,0.7,none,20260611T233950Z
party_rollcall_rate,regimeA_seed42,val,0.2064750673222975,0.9163052246727208,0.9725485528876132,0.0611585580995882,0.6958602766215688,0.1991930794160734,0.9274550367896724,571356,1059875,0.8,none,20260611T233950Z
party_rollcall_rate,regimeA_seed42,test,0.2063382538729074,0.9165466715042668,0.9725650206983316,0.0610554392945647,0.696754856385572,0.198767976220188,0.9277936882250788,569507,1058376,0.8,none,20260611T233950Z
nominate_logit,regimeA_seed42,val,0.1635273519629679,0.9333883712701968,0.9820315557266456,0.0485224187477674,0.7579389841666038,0.1547381805695405,0.9387107162609652,571356,1059875,17.1,none,20260611T234841Z
nominate_logit,regimeA_seed42,test,0.1638958921899936,0.9332590686107772,0.981963419476572,0.0485734320342932,0.7574828507275136,0.1551692408263068,0.9385749428892006,569507,1058376,17.1,none,20260611T234841Z
ideal_point_1d,regimeA_seed42,val,0.1928295790263524,0.9152843495695248,0.9753720416964774,0.0590314033502083,0.6921505029794762,0.1949118032042783,0.911937566070891,571356,1059875,16.1,none,20260611T234841Z
ideal_point_1d,regimeA_seed42,test,0.1927750833358434,0.9155725375480924,0.975418514815746,0.0588940231586068,0.6932151366791868,0.1949884720977501,0.9123944042830028,569507,1058376,16.1,none,20260611T234841Z
ideal_point_2d,regimeA_seed42,val,0.1606027450475101,0.9331270196957188,0.9829146831048324,0.0482527372432744,0.7569892546852178,0.1525062494063724,0.9386232051470536,571356,1059875,15.8,none,20260611T234841Z
ideal_point_2d,regimeA_seed42,test,0.1609969240085053,0.9332137161084528,0.9828405127677138,0.0482694164727088,0.7573180529138314,0.1530924949980486,0.9383326280449582,569507,1058376,15.8,none,20260611T234841Z
ideal_point_8d,regimeA_seed42,val,0.1532041967414872,0.9376983134803633,0.9846415224007656,0.0454652656328717,0.7736009490437561,0.1455969859897404,0.9431790337372846,571356,1059875,15.1,none,20260611T234841Z
ideal_point_8d,regimeA_seed42,test,0.1534358491988705,0.9377867600928216,0.9846220041798036,0.0454205860527786,0.7739351657934671,0.1463177218079361,0.9429243187528864,569507,1058376,15.1,none,20260611T234841Z
constant_rate,forecast108_119,val,0.6688483638806062,0.611308738844875,0.5,0.2379340208750172,-0.2419418437244958,,,0,696877,0.0,none,20260612T000331Z
constant_rate,forecast108_119,test,0.6173753874180397,0.7085722657978302,0.5,0.212781830990989,-0.1058535994627503,,,0,689351,0.0,none,20260612T000331Z
member_rate,forecast108_119,val,0.6232697974050199,0.6499697938086635,0.6786835855751553,0.2169126248197309,-0.1184124859010921,,,0,696877,0.4,none,20260612T000331Z
member_rate,forecast108_119,test,0.5874480853171048,0.6935392855018706,0.65282734289059,0.200552605496054,-0.1628978454966807,,,0,689351,0.4,none,20260612T000331Z
party_congress_rate,forecast108_119,val,0.6258276738386984,0.6440777927812225,0.6748861145575529,0.2180626895426057,-0.1372385397657976,,,0,696877,0.3,none,20260612T000331Z
party_congress_rate,forecast108_119,test,0.5889571335668944,0.6855781742537547,0.6514832187243513,0.2012252702681326,-0.1931071306683694,,,0,689351,0.3,none,20260612T000331Z
party_question_rate,forecast108_119,val,0.520757209253864,0.6999025653020547,0.7837267536697492,0.1793730668410787,0.0411321308378648,,,0,696877,24.1,none,20260612T000331Z
party_question_rate,forecast108_119,test,0.4662006596161917,0.7658159631305387,0.8046911203593898,0.1564989612278146,0.1113637114264639,,,0,689351,24.1,none,20260612T000331Z
member_question_rate,forecast108_119,val,0.5114764215825315,0.7018182548713762,0.7929981198965292,0.1758665797288077,0.0472531200997698,,,0,696877,23.9,none,20260612T000331Z
member_question_rate,forecast108_119,test,0.4586276946941757,0.7595724094111708,0.8117654040453273,0.1546526740045148,0.0876718813647022,,,0,689351,23.9,none,20260612T000331Z
constant_rate,forecast108_119,val,0.6688483638806062,0.611308738844875,0.5,0.2379340208750172,-0.2419418437244958,0.7245608636450406,0.506034192959708,416460,696877,0.0,none,20260612T000552Z
constant_rate,forecast108_119,test,0.6173753874180397,0.7085722657978302,0.5,0.212781830990989,-0.1058535994627503,0.7132807458871381,0.5273491452507642,353320,689351,0.0,none,20260612T000552Z
member_rate,forecast108_119,val,0.6232697974050199,0.6499697938086635,0.6786835855751553,0.2169126248197309,-0.1184124859010921,0.6713068332055657,0.5821735580848101,416460,696877,0.4,none,20260612T000552Z
member_rate,forecast108_119,test,0.5874480853171048,0.6935392855018706,0.65282734289059,0.200552605496054,-0.1628978454966807,0.6574192377974014,0.587733499377335,353320,689351,0.4,none,20260612T000552Z
party_congress_rate,forecast108_119,val,0.6258276738386984,0.6440777927812225,0.6748861145575529,0.2180626895426057,-0.1372385397657976,0.6722595216540629,0.57695336887096,416460,696877,0.3,none,20260612T000552Z
party_congress_rate,forecast108_119,test,0.5889571335668944,0.6855781742537547,0.6514832187243513,0.2012252702681326,-0.1931071306683694,0.6570487736712147,0.5882882372919733,353320,689351,0.3,none,20260612T000552Z
party_question_rate,forecast108_119,val,0.520757209253864,0.6999025653020547,0.7837267536697492,0.1793730668410787,0.0411321308378648,0.5735967609663188,0.653969168707679,416460,696877,24.0,none,20260612T000552Z
party_question_rate,forecast108_119,test,0.4662006596161917,0.7658159631305387,0.8046911203593898,0.1564989612278146,0.1113637114264639,0.5316342142162704,0.6976451941582701,353320,689351,24.0,none,20260612T000552Z
member_question_rate,forecast108_119,val,0.5114764215825315,0.7018182548713762,0.7929981198965292,0.1758665797288077,0.0472531200997698,0.5673002168002458,0.6540508092013638,416460,696877,24.2,none,20260612T000552Z
member_question_rate,forecast108_119,test,0.4586276946941757,0.7595724094111708,0.8117654040453273,0.1546526740045148,0.0876718813647022,0.5271542300972818,0.6924148081059662,353320,689351,24.2,none,20260612T000552Z
meta_tower_8d,forecast108_119,val,0.5614224587569496,0.680818853255309,0.7503491590344435,0.1935141906024514,-0.0198439262363481,0.6592785272009787,0.5959611967535898,416460,696877,18.1,none,20260612T004450Z
meta_tower_8d,forecast108_119,test,0.5113235024955349,0.7234340705968367,0.7596750384983976,0.1719135391753333,-0.04945889709687,0.6503076180065864,0.6070615872297068,353320,689351,18.1,none,20260612T004450Z
text_tower_8d,forecast108_119,val,0.5443730475597329,0.7163416212617147,0.7832617764743637,0.184955503889594,0.0936580132231708,0.6345288957647685,0.6598088651971378,416460,696877,25.1,none,20260612T004450Z
text_tower_8d,forecast108_119,test,0.4642011128315648,0.7784698941468134,0.8131919306244387,0.1526693566259317,0.1593804013959684,0.5907535445302842,0.6941073248047096,353320,689351,25.1,none,20260612T004450Z
text_tower_mq_8d,forecast108_119,val,0.487047974936771,0.7408796674305509,0.8270120848527899,0.1648197933522434,0.1720616959037514,0.5410096964591692,0.7022787302502042,416460,696877,78.2,none,20260612T005136Z
text_tower_mq_8d,forecast108_119,test,0.410543384048195,0.800761876025421,0.860494041193819,0.1340559662069831,0.2439697026411106,0.477844817960053,0.7499179214309974,353320,689351,78.2,none,20260612T005136Z
emb_tower_mq_8d,forecast108_119,val,0.4952601922906718,0.7409141067935948,0.8263934238128978,0.1664646700046919,0.1721717361601452,0.5447855286367383,0.7113792441050761,416460,696877,70.1,none,20260612T005404Z
emb_tower_mq_8d,forecast108_119,test,0.4354304122577759,0.789896583888324,0.8498535389443541,0.1417804542347462,0.2027401935419946,0.4882737341118593,0.7591701573644288,353320,689351,70.1,none,20260612T005404Z
embtfidf_tower_mq_8d,forecast108_119,val,0.5062477182493335,0.7373309780635607,0.8215539833108426,0.1701412156772674,0.1607229644845072,0.5566799282727927,0.7072756087019162,416460,696877,78.2,none,20260612T005404Z
embtfidf_tower_mq_8d,forecast108_119,test,0.4331249242454377,0.7929443781179689,0.8548839454151177,0.1398375806635122,0.2143053735977012,0.4909922946838823,0.7593428053888825,353320,689351,78.2,none,20260612T005404Z
emb2_tower_mq_8d,forecast108_119,val,0.4850247159155967,0.7485266409997747,0.8355821287690582,0.162355596152967,0.1964952178338575,0.536276648050563,0.7136003457715027,416460,696877,75.9,none,20260612T024957Z
emb2_tower_mq_8d,forecast108_119,test,0.4234218176535844,0.8053865157227595,0.8631185589273529,0.1351194542617969,0.2615183908931776,0.4900561294264094,0.7679242612928789,353320,689351,75.9,none,20260612T024957Z
emb2_tower_mq_16d,forecast108_119,val,0.4881261873238641,0.7478651182346383,0.8349422725981224,0.1630460828573016,0.19438152790896,0.539255404551023,0.7136531719732988,416460,696877,73.4,none,20260612T024957Z
emb2_tower_mq_16d,forecast108_119,test,0.4235951164855909,0.8068980823992422,0.8640080235683913,0.1346779563192754,0.2672541917585018,0.4888956952179403,0.7703554851126457,353320,689351,73.4,none,20260612T024957Z
emb2_mlp_mq_16d,forecast108_119,val,0.6424412118689568,0.7686951929824057,0.8509705723108824,0.1665469936968646,0.2609375429844751,0.6755923890081413,0.7543029342553906,416460,696877,112.3,none,20260612T024957Z
emb2_mlp_mq_16d,forecast108_119,test,0.6445356354972861,0.8202671788392271,0.8746562491020972,0.1409470812610199,0.3179846531546905,0.6298558557818464,0.8137382542737461,353320,689351,112.3,none,20260612T024957Z
emb2tfidf_tower_mq_16d,forecast108_119,val,0.4990931515362233,0.7489083439401788,0.8324432124703833,0.1658338802727217,0.1977148306755554,0.5504177646881594,0.7173173894251549,416460,696877,86.3,none,20260612T024957Z
emb2tfidf_tower_mq_16d,forecast108_119,test,0.4173311076478833,0.8125671827559545,0.8704507521181605,0.1313835266693325,0.2887661973071461,0.4828353237563207,0.7755858711649496,353320,689351,86.3,none,20260612T024957Z
emb2_mlp_mq_16d_tcal,forecast108_119,val,0.4277329800198243,0.7816960525315084,0.873650811651177,0.1404679543339021,0.3024777397731337,0.444585604071337,0.773476444316381,416460,696877,70.9,none,20260612T025750Z
emb2_mlp_mq_16d_tcal,forecast108_119,test,0.3491836029103148,0.8522276750160659,0.905587799141854,0.1075846017060645,0.4392621624299538,0.3772635014447477,0.840702479338843,353320,689351,70.9,none,20260612T025750Z
emb2tfidf_mq_16d_tcal,forecast108_119,val,0.4770731516414893,0.7488825144178959,0.8338103111336707,0.1610299905038646,0.1976323004832601,0.5272545450933054,0.7175431013782836,416460,696877,71.3,none,20260612T025750Z
emb2tfidf_mq_16d_tcal,forecast108_119,test,0.3934170094623054,0.817847511645011,0.8763003142722764,0.1266828920632346,0.3088029680842865,0.4622443956697619,0.7764491112872184,353320,689351,71.3,none,20260612T025750Z
member_question_rate,congressout118,val,0.633004070666079,0.6752807693284791,0.5,0.2204684931954363,-0.0580186306533463,0.7246499773112901,0.5169031372222684,288408,511719,24.9,none,20260612T031930Z
member_question_rate,congressout118,test,0.6932134390667254,0.5712301079626535,0.5,0.2497603598365005,-0.2242450392496237,0.7353589260323963,0.4983964957051341,380105,582331,24.9,none,20260612T031930Z
party_question_rate,congressout118,val,0.633004070666079,0.6752807693284791,0.5,0.2204684931954363,-0.0580186306533463,0.7246499773112901,0.5169031372222684,288408,511719,24.9,none,20260612T031930Z
party_question_rate,congressout118,test,0.6932134390667254,0.5712301079626535,0.5,0.2497603598365005,-0.2242450392496237,0.7353589260323963,0.4983964957051341,380105,582331,24.9,none,20260612T031930Z
emb2_mlp_mq_16d_tcal,congressout118,val,0.6047457929962339,0.6489635913460317,0.6522688870922081,0.2110193324018865,-0.1437667538983655,0.7672501340226636,0.4902637929599733,288408,511719,71.4,none,20260612T031930Z
emb2_mlp_mq_16d_tcal,congressout118,test,0.670318006832475,0.6159761372827481,0.64790698450808,0.236058748693221,-0.0964839593824006,0.7365554683936375,0.5639836361005511,380105,582331,71.4,none,20260612T031930Z
emb2_mlp_mq_16d_tcal,forecast108_119,val,0.4271746295485665,0.7817649312575964,0.8739444246396795,0.1402743484337994,0.3026978202859213,0.4434402393923586,0.7735172645632233,416460,696877,70.0,none,20260612T032203Z
emb2_mlp_mq_16d_tcal,forecast108_119,test,0.3489747439639618,0.8521870571015346,0.905690531003716,0.1075209791264851,0.4391080334239758,0.3775492315316117,0.8401477414242047,353320,689351,70.0,none,20260612T032203Z
emb2cosp_mlp_mq_16d_tcal,forecast108_119,val,0.4574269949627202,0.7579572865799847,0.8500424336227852,0.1523567574212804,0.2266279080430257,0.4953392749183245,0.73676943764107,416460,696877,72.6,none,20260612T032748Z
emb2cosp_mlp_mq_16d_tcal,forecast108_119,test,0.3765447990586343,0.8300111264073019,0.8884326990507081,0.1194488584938857,0.3549591007673423,0.4232496949310116,0.8105739839239217,353320,689351,72.6,none,20260612T032748Z
emb3_mlp_mq_16d_tcal,forecast108_119,val,0.4239144492479904,0.7899758493966654,0.8784997070818269,0.1388467312475505,0.3289332514144757,0.4439425060902217,0.7844282764251068,416460,696877,79.6,none,20260612T063446Z
emb3_mlp_mq_16d_tcal,forecast108_119,test,0.3621248988142437,0.8413551296799453,0.901091538498696,0.1112646838979719,0.3980051302940561,0.4038140947242644,0.8234405071889506,353320,689351,79.6,none,20260612T063446Z
emb3_mlp_mq_16d_tcal,forecast108_119,val,0.4240132680954745,0.7904838300015641,0.8785756592648365,0.1387525042135117,0.3305563451962843,0.4455358515194446,0.7832348845027134,416460,696877,79.2,none,20260612T063653Z
emb3_mlp_mq_16d_tcal,forecast108_119,test,0.3596616145377108,0.8423618737043973,0.9017459469082988,0.1101931720144498,0.4018253277993681,0.40442703157344,0.8242641231744594,353320,689351,79.2,none,20260612T063653Z
constant_rate,randomrc108_119,val,0.6538472290401243,0.6393085814809802,0.5,0.2306080400056858,-0.2108973010195298,0.7254657193060944,0.5104175990293482,402204,702035,0.0,none,20260703T180920Z
constant_rate,randomrc108_119,test,0.6589582714171921,0.6301102966402122,0.5,0.2330997785817134,-0.2223214201362318,0.7249117382879133,0.5114145923676297,406322,699568,0.0,none,20260703T180920Z
member_rate,randomrc108_119,val,0.6179218152098118,0.6572948642161716,0.6581937025513074,0.2145156214498106,-0.1505145469500181,0.677278345570733,0.5722817276804806,402204,702035,0.4,none,20260703T180920Z
member_rate,randomrc108_119,test,0.6300182194147448,0.6469849964549551,0.6421743228428669,0.2196372212943733,-0.1665580213322752,0.6866816480246567,0.5687607365586899,406322,699568,0.4,none,20260703T180920Z
party_congress_rate,randomrc108_119,val,0.6203675625045373,0.6475474869486564,0.6535391213790119,0.2156328781770674,-0.1832380114386273,0.6779037940660042,0.5557900965679108,402204,702035,0.3,none,20260703T180920Z
party_congress_rate,randomrc108_119,test,0.6326357391644764,0.6485016467305537,0.6369587803780609,0.2208518856310072,-0.1615461648196959,0.6873611688737179,0.5695335226741353,406322,699568,0.3,none,20260703T180920Z
party_question_rate,randomrc108_119,val,0.5037808416435872,0.7217261247658593,0.7951308098883074,0.1722053356618802,0.0657912354865242,0.5680990031961884,0.662106791578403,402204,702035,24.6,none,20260703T180920Z
party_question_rate,randomrc108_119,test,0.504203778032024,0.7181617798412735,0.7971237860205457,0.1724867446524994,0.06864968020482,0.5509220178994595,0.6640620000885997,406322,699568,24.6,none,20260703T180920Z
member_question_rate,randomrc108_119,val,0.4936349352226574,0.7252316479947581,0.804763736334878,0.1687307383128814,0.0775598232559919,0.5619681461815399,0.6677457210768665,402204,702035,24.4,none,20260703T180920Z
member_question_rate,randomrc108_119,test,0.4942465487640234,0.7212679825263592,0.8065582875244693,0.1689278481931513,0.0789143024497161,0.5460157170989347,0.6706380653767209,406322,699568,24.4,none,20260703T180920Z
meta_tower_8d,randomrc108_119,val,0.5511218562208012,0.6869871160269787,0.7514270502381076,0.1895724822374891,-0.050833030471126,0.6665108330181219,0.5921572137522252,402204,702035,17.6,none,20260703T180920Z
meta_tower_8d,randomrc108_119,test,0.5649918790657587,0.6704437595773391,0.7361483997638738,0.1954557992242177,-0.0890372133888841,0.6674136470004993,0.5818144230437928,406322,699568,17.6,none,20260703T180920Z
text_tower_mq_8d,randomrc108_119,val,0.4480425654446177,0.7728232922859971,0.852990449367952,0.1493166992998303,0.2373323896784559,0.5089126317582224,0.7315143558989965,402204,702035,70.2,none,20260703T180920Z
text_tower_mq_8d,randomrc108_119,test,0.4484440133290367,0.7702310568808178,0.8536144134321695,0.1498250665338178,0.2407155476197224,0.4930427715479653,0.7398491836523742,406322,699568,70.2,none,20260703T180920Z
emb2_tower_mq_16d,randomrc108_119,val,0.449140853952551,0.7798955892512481,0.8595271488512627,0.1471329528390688,0.2610751927160045,0.5178532109951824,0.7408230649123331,402204,702035,79.5,none,20260703T180920Z
emb2_tower_mq_16d,randomrc108_119,test,0.4410817424258812,0.7823413878279166,0.865586847430517,0.1443025981086891,0.2807348203573014,0.478043300954021,0.7599785391881316,406322,699568,79.5,none,20260703T180920Z
emb2tfidf_mq_16d_tcal,randomrc108_119,val,0.4380149338394969,0.7787574693569409,0.8625223320863219,0.1456533556453842,0.2572543468696799,0.508908017811181,0.7352264025221033,402204,702035,70.3,none,20260703T180920Z
emb2tfidf_mq_16d_tcal,randomrc108_119,test,0.4375670184267826,0.7773911899915377,0.8652337448657321,0.1453837453474077,0.2643766119661027,0.4878092174791418,0.7433168767627645,406322,699568,70.3,none,20260703T180920Z
emb2_mlp_mq_16d_tcal,randomrc108_119,val,0.3882897655953286,0.8163638565028809,0.89935255838844,0.1252581055344117,0.3835048489833393,0.4289405632321988,0.7970532366659705,402204,702035,70.3,none,20260703T180920Z
emb2_mlp_mq_16d_tcal,randomrc108_119,test,0.3839086347195868,0.8177346591039041,0.9036384861954172,0.1235899477666537,0.3976938846847868,0.4020843373494621,0.8136502576774085,406322,699568,70.3,none,20260703T180920Z
kraft_bilinear_16d,forecast108_119,val,0.5569542716817579,0.702759597461245,0.7689982520728654,0.1897816381828834,0.0502608871078669,0.6452723258226691,0.6434375450223311,416460,696877,15.7,none,20260703T185701Z
kraft_bilinear_16d,forecast108_119,test,0.4966280607998466,0.7596971644343737,0.7900262043669322,0.1633886929506595,0.0881452775973489,0.6399458859173589,0.6723819766783652,353320,689351,15.7,none,20260703T185701Z
nominate_context_logit,forecast108_119,val,0.5853058247495525,0.6597290483112515,0.7263331624481609,0.2019167854186866,-0.0872298282454998,0.6863551645807326,0.5801469528886327,416460,696877,39.2,none,20260703T185733Z
nominate_context_logit,forecast108_119,test,0.5324893715755828,0.7235921903355474,0.739992668490208,0.1788502569707779,-0.0488588948950271,0.6845429736316047,0.5956583267293105,353320,689351,39.2,none,20260703T185733Z
gb_spatial_tfidf,forecast108_119,val,0.8424431925617759,0.6549003626177934,0.6891096254498874,0.2495549654677059,-0.1026583891940468,1.0781129285270692,0.5639437160831773,416460,696877,19.9,none,20260703T190335Z
gb_spatial_tfidf,forecast108_119,test,0.8027615537348144,0.724107167466211,0.6893763688060748,0.2202589633664703,-0.0469047592835203,1.2204892093984463,0.5763925053775614,353320,689351,19.9,none,20260703T190335Z
gb_spatial_emb2,forecast108_119,val,0.7129056557592507,0.6458069358007223,0.6893856383758483,0.2359455593487481,-0.1317136018926924,0.903123638106806,0.5516015943908178,416460,696877,14.6,none,20260703T190410Z
gb_spatial_emb2,forecast108_119,test,0.6505879097202547,0.7150319648480963,0.6994400383392677,0.2063787935669093,-0.0813415829048914,0.9704582877082863,0.5543360126797238,353320,689351,14.6,none,20260703T190410Z
gb_spatial_tfidf,randomrc108_119,val,1.1235636907918432,0.6758879543042726,0.6880133404092175,0.244290278041822,-0.0880946460337803,1.4852414052688807,0.5682166263885988,402204,702035,22.5,none,20260703T190438Z
gb_spatial_tfidf,randomrc108_119,test,1.053810150687939,0.6633179333531551,0.6871656932229515,0.2487570663369944,-0.112584908690682,1.3215668597061856,0.5653373432893124,406322,699568,22.5,none,20260703T190438Z
gb_spatial_emb2,randomrc108_119,val,0.9872966945543148,0.6499077681312185,0.6752675088621386,0.2460868783239175,-0.1753141796897415,1.306681656652612,0.538052828912691,402204,702035,17.5,none,20260703T190516Z
gb_spatial_emb2,randomrc108_119,test,0.9438207922563324,0.6469321066715459,0.6700716674473504,0.2463665481653423,-0.1667327986093397,1.228619081089845,0.5451489212988714,406322,699568,17.5,none,20260703T190516Z
kraft_bilinear_16d,randomrc108_119,val,0.5265679384252976,0.7232744806170632,0.7864601923065149,0.1779937782343344,0.0709893073700721,0.6357753354014821,0.653011904406719,402204,702035,14.3,none,20260703T190547Z
kraft_bilinear_16d,randomrc108_119,test,0.5221016028687921,0.7301105825309334,0.7935510417937431,0.1760171150829779,0.1081351736908237,0.6124934815497313,0.67414021391901,406322,699568,14.3,none,20260703T190547Z
nominate_context_logit,randomrc108_119,val,0.5667529965624353,0.6751159130242794,0.7372511805175661,0.1944652194586421,-0.090686508923277,0.6810012121130776,0.5769211643842428,402204,702035,38.7,none,20260703T190617Z
nominate_context_logit,randomrc108_119,test,0.5871927443600491,0.655267250646113,0.7132146789040061,0.2034034508800071,-0.1391888444860131,0.6951352915792448,0.5630312904543687,406322,699568,38.7,none,20260703T190617Z
gb_spatial_tfidf_tcal,forecast108_119,val,0.6229492379221274,0.6548687932016697,0.6891096070864781,0.2156042290365247,-0.1027592594290744,0.731777403793473,0.5614320703068723,416460,696877,20.4,none,20260703T190733Z
gb_spatial_tfidf_tcal,forecast108_119,test,0.5659282317327884,0.7252647780303503,0.6893763483227614,0.1898398717288322,-0.0425120826131472,0.7418557576958382,0.5709668289369411,353320,689351,20.4,none,20260703T190733Z
gb_spatial_emb2_tcal,forecast108_119,val,0.6127679733205034,0.6489724872538483,0.6893856369806105,0.213233492600638,-0.1215990683258292,0.7197280825880753,0.5567833645488162,416460,696877,15.1,none,20260703T190808Z
gb_spatial_emb2_tcal,forecast108_119,test,0.5561337997300032,0.7127254475586458,0.6994400404436479,0.1882193487073737,-0.0900939086014994,0.7293623960287637,0.558383335220197,353320,689351,15.1,none,20260703T190808Z
gb_spatial_tfidf_tcal,randomrc108_119,val,0.7061716257190515,0.6385607555178873,0.6879678354308106,0.2233296788242531,-0.2134078693165516,0.8594489562549228,0.5195000546986106,402204,702035,24.1,none,20260703T190838Z
gb_spatial_tfidf_tcal,randomrc108_119,test,0.6846651060816743,0.6344701301374562,0.6871351630446243,0.2228584654346324,-0.207914104053888,0.8050007917435638,0.5280885603043891,406322,699568,24.1,none,20260703T190838Z
gb_spatial_emb2_tcal,randomrc108_119,val,0.6686376592583186,0.6294757383891116,0.6752668102478157,0.2247656355663238,-0.2439076875992272,0.7897512086268493,0.5032844029398017,402204,702035,17.6,none,20260703T190916Z
gb_spatial_emb2_tcal,randomrc108_119,test,0.6621732161855897,0.6229959060448734,0.6700715849191381,0.2257627983119989,-0.2458313257565021,0.7696945643940731,0.5074792898243266,406322,699568,17.6,none,20260703T190916Z
majority_question_rate,congressout118,val,0.6115789939641293,0.6268068998805986,0.6555573254300494,0.2066142617574331,-0.2159589437960433,0.764612082040043,0.4786656403428476,288408,511719,25.6,none,20260703T191426Z
majority_question_rate,congressout118,test,0.6173932372297876,0.5514355237828658,0.6638110256573796,0.2189812968614218,-0.280763516727057,0.6486060692638109,0.4866786808908065,380105,582331,25.6,none,20260703T191426Z
member_pooled_question_rate,congressout118,val,0.6446542245150255,0.6593677389348451,0.6248636486629666,0.2177934195038213,-0.1098673696140793,0.8191050068778193,0.5092819894039,288408,511719,50.9,none,20260703T191426Z
member_pooled_question_rate,congressout118,test,0.7398606597906379,0.5330954388483525,0.58199507150477,0.25256396699983,-0.3331290358958769,0.8373096066192619,0.4604517172886439,380105,582331,50.9,none,20260703T191426Z
majority_question_rate,forecast108_119,val,0.5724452215548984,0.6333642809276242,0.7128446131016329,0.1973784852527886,-0.1714702295256348,0.6530020763946724,0.5617946501464727,416460,696877,25.1,none,20260703T191611Z
majority_question_rate,forecast108_119,test,0.4827820600172385,0.7395187647511935,0.7822104177581657,0.1610325278505656,0.0115761892704193,0.5677652315356758,0.6486244763953357,353320,689351,25.1,none,20260703T191611Z
member_pooled_question_rate,forecast108_119,val,0.592465881002459,0.6443777022343972,0.707348324672448,0.2055852933012299,-0.136280272533035,0.6983097866134611,0.5526028910339529,416460,696877,51.4,none,20260703T191611Z
member_pooled_question_rate,forecast108_119,test,0.5409612339990579,0.7173167225404765,0.722453013813671,0.1828641122383334,-0.0726718263186286,0.699361411282739,0.5881240801539681,353320,689351,51.4,none,20260703T191611Z
majority_question_rate,randomrc108_119,val,0.5296181025816,0.6866666191856531,0.7585807678686249,0.1817630364453866,-0.0519089883127068,0.602647744270425,0.6199217312607532,402204,702035,25.5,none,20260703T191802Z
majority_question_rate,randomrc108_119,test,0.5331681490952428,0.676591839535256,0.7540229955974993,0.18376900997114,-0.068720535857684,0.5920380556404472,0.6142788231993345,406322,699568,25.5,none,20260703T191802Z
member_pooled_question_rate,randomrc108_119,val,0.5752125318582403,0.668233065303012,0.7202072287249475,0.1982609778897449,-0.11379330132558,0.6979180923852366,0.5696735984724169,402204,702035,51.0,none,20260703T191802Z
member_pooled_question_rate,randomrc108_119,test,0.5820428433205118,0.6563250463142968,0.7128639857667501,0.2012279657863188,-0.1356932989447231,0.6924864175916814,0.5644341187531071,406322,699568,51.0,none,20260703T191802Z
emb2maj_mlp_mq_16d_tcal,congressout118,val,0.6266764364678348,0.6433315940975418,0.6239643375008511,0.2193092703996035,-0.1621172470439915,0.7974710324346054,0.485482372194946,288408,511719,126.3,none,20260703T192151Z
emb2maj_mlp_mq_16d_tcal,congressout118,test,0.6964464819279981,0.5889863325153564,0.5919518456734967,0.2483871052072418,-0.1735465871704478,0.7739230005986736,0.5246602912353165,380105,582331,126.3,none,20260703T192151Z
emb2maj_mlp_mq_16d_tcal,forecast108_119,val,0.4331867286364333,0.7778847630213079,0.869069428105578,0.1426948625845125,0.2902999513988867,0.4452459046892801,0.7786654180473515,416460,696877,124.4,none,20260703T192421Z
emb2maj_mlp_mq_16d_tcal,forecast108_119,test,0.3604607268267361,0.8437080674431457,0.9014824697229564,0.1105033206496086,0.4069336034260676,0.3802083694367695,0.8316342126117967,353320,689351,124.4,none,20260703T192421Z
emb2ctx_mlp_mq_16d_tcal,forecast108_119,val,0.4716803853541718,0.7415010109388027,0.8371698251310745,0.1585868598867574,0.1740470055295228,0.524209148486688,0.7103851510349133,416460,696877,76.2,none,20260703T195428Z
emb2ctx_mlp_mq_16d_tcal,randomrc108_119,val,0.4104338739654234,0.7971639590618701,0.8815491162350915,0.1350614709396631,0.3190478012203753,0.471683626034058,0.7595324760569263,402204,702035,76.5,none,20260703T195601Z
ctx_stack_16d_tcal,forecast108_119,val,0.4259671943492265,0.7810144401379296,0.8744595188374144,0.1400270362391722,0.3002998596986731,0.4408573712845767,0.7740911492100082,416460,696877,79.2,none,20260703T200033Z
ctx_stack_16d_tcal,randomrc108_119,val,0.4250672962590064,0.7871587598908887,0.8710601850405387,0.1400729068112561,0.28545878842365,0.4934870405090054,0.7444580362204255,402204,702035,80.8,none,20260703T200209Z
emb2_mlp_mq_16d_bcal,forecast108_119,val,0.4305852687634908,0.7796899596341965,0.8717503352647451,0.1414771419351184,0.2960678948381949,0.4417686012303932,0.7727392786822264,416460,696877,104.7,none,20260703T200450Z
emb2_mlp_mq_16d_bcal,randomrc108_119,val,0.4464678336616048,0.7639262999707992,0.8653809013351771,0.1490436184329707,0.2074637999961743,0.5214891874988999,0.7162285805213275,402204,702035,106.0,none,20260703T200654Z
blend_mlp_tfidf_tcal,forecast108_119,val,0.4199657654917443,0.7870872478213515,0.8778770557528277,0.1381578537440757,0.319703624909446,0.4383306861864215,0.7800677135859386,416460,696877,152.8,none,20260703T200900Z
blend_mlp_tfidf_tcal,randomrc108_119,val,0.4197099082966347,0.7889279024550058,0.874488583820245,0.1388963186204057,0.2913980757091757,0.4860194430765144,0.7487518771568656,402204,702035,152.9,none,20260703T201202Z
emb2_mlp_mqr_16d_tcal,forecast108_119,val,0.4714376611055625,0.7507393700753504,0.8390167539893878,0.1577444484160874,0.203565304307159,0.5129172386837908,0.7272919368006531,416460,696877,74.9,none,20260703T201522Z
emb2_mlp_mqr_16d_tcal,randomrc108_119,val,0.3944033075734753,0.8062290341649633,0.8967651334689165,0.1279473110153415,0.3494806710151303,0.4378011485954482,0.7776252846814055,402204,702035,72.4,none,20260703T201653Z
blend3_mlp_tfidf_emb3_tcal,forecast108_119,val,0.4020046425920583,0.7985483808476962,0.8889900656468128,0.1317688346711673,0.3563241052351652,0.4182951603452617,0.795440138308601,416460,696877,236.1,none,20260703T201835Z
blend3_mlp_tfidf_emb3_tcal,randomrc108_119,val,0.398396640607038,0.8050852165490324,0.8889101022155254,0.1300090305455386,0.3456406970293999,0.4536711339712062,0.7788634623226025,402204,702035,237.6,none,20260703T202308Z
emb4_mlp_mq_16d_tcal,forecast108_119,val,0.4805335060631797,0.739470523492668,0.8305096135459438,0.1617489675212191,0.1675592154129719,0.535238276504741,0.7044374009508716,416460,696877,71.7,none,20260703T202802Z
emb4_mlp_mq_16d_tcal,randomrc108_119,val,0.4276435843249402,0.7840990833790338,0.8723955825683226,0.141058984524508,0.2751869775626925,0.4986272915196538,0.7390950860757227,402204,702035,72.0,none,20260703T202930Z
emb4_mlp_mq_16d_tcal,forecast108_119,val,0.4665108670291684,0.7496315705641025,0.8418304157111477,0.1566006498223068,0.2000256760598252,0.5073334442325127,0.7253877923450032,416460,696877,71.5,none,20260703T203301Z
emb4_mlp_mq_16d_tcal,randomrc108_119,val,0.4207521380479394,0.7882071406696247,0.8747961759947209,0.1387465513164211,0.2889783660743319,0.4882558650449293,0.7465937683364661,402204,702035,71.8,none,20260703T203428Z
emb4_mlp_mq_16d_tcal,forecast108_119,val,0.4685770078609925,0.7474489759311902,0.8419664236259743,0.1564556164950512,0.1930518748108683,0.5163295061926805,0.7200403400086443,416460,696877,71.3,none,20260703T203628Z
emb4_mlp_mq_16d_tcal,randomrc108_119,val,0.4244486336465382,0.786117501264182,0.8734025171437467,0.1399399370897202,0.2819631209472255,0.4945181758268738,0.7441124404531034,402204,702035,71.9,none,20260703T203755Z
emb_placebo_mlp_mq_16d_tcal,forecast108_119,val,0.4271744180180112,0.7817649312575964,0.8739444615094881,0.140274290453739,0.3026978202859213,0.4434400865349082,0.7735172645632233,416460,696877,71.0,none,20260703T203942Z
emb2_mlp_mq_16d_tcal,forecast108_119,val,0.4269802170156227,0.7789595581429721,0.8732481181873846,0.1405017124723443,0.2937341244005098,0.4422609468548394,0.7710248283148442,416460,696877,71.5,none,20260703T204109Z
emb2_mlp_mq_16d_tcal,forecast108_119,val,0.4285839769461984,0.7812655604934586,0.8730653391891041,0.1409743531054291,0.3011022365682112,0.4455777599903219,0.772590404840801,416460,696877,72.2,none,20260703T220935Z
emb2_mlp_mq_16d_tcal,forecast108_119,test,0.3483933033826293,0.8520782591161832,0.905805026508848,0.107455828537276,0.4386951878722491,0.3767905903949105,0.8403203894486584,353320,689351,72.2,none,20260703T220935Z
emb2_mlp_mq_16d_tcal,randomrc108_119,val,0.4274964334943639,0.7801662310283676,0.8698221327861533,0.1416831063268019,0.2619837793377838,0.4976345787310174,0.7358156557368898,402204,702035,71.9,none,20260703T221108Z
emb2_mlp_mq_16d_tcal,randomrc108_119,test,0.417295703252354,0.7912883379457036,0.8803905309856159,0.1371416199991668,0.3103005224423471,0.4612352846302243,0.7651911538139702,406322,699568,71.9,none,20260703T221108Z
emb2_mlp_mq_16d_tcal,congressout118,val,0.6047457942465112,0.6489635913460317,0.652268886770015,0.2110193328728606,-0.1437667538983655,0.7672501343075465,0.4902637929599733,288408,511719,71.8,none,20260703T221242Z
emb2_mlp_mq_16d_tcal,congressout118,test,0.6703179855473524,0.6159778545191652,0.6479069927012684,0.2360587411181148,-0.0964790562439017,0.7365554443144411,0.5639836361005511,380105,582331,71.8,none,20260703T221242Z
blend_mlp_tfidf_tcal,forecast108_119,val,0.4199847231396128,0.7872364850612088,0.8779064948717161,0.1381465538413369,0.3201804660204858,0.438369046603825,0.7803150362579839,416460,696877,151.6,none,20260703T221413Z
blend_mlp_tfidf_tcal,forecast108_119,test,0.3369136291914251,0.8561255441712567,0.911669859594677,0.1041867354791635,0.4540530423964858,0.3647033061934031,0.8444356390807201,353320,689351,151.6,none,20260703T221413Z
blend_mlp_tfidf_tcal,randomrc108_119,val,0.4197097770228509,0.7889293268854117,0.874488713993493,0.1388962818984168,0.2914028577440272,0.4860196124946909,0.7487518771568656,402204,702035,154.3,none,20260703T221731Z
blend_mlp_tfidf_tcal,randomrc108_119,test,0.4120129420030113,0.796055565720559,0.8832093045753848,0.1352137999805265,0.3260540959291065,0.4539403638650067,0.7720970068074089,406322,699568,154.3,none,20260703T221731Z
blend_mlp_tfidf_tcal,congressout118,val,0.5985573578954945,0.6515743992308278,0.6666345401325456,0.2083178073850164,-0.1352600714408511,0.7630706536300658,0.494424565199301,288408,511719,154.2,none,20260703T222052Z
blend_mlp_tfidf_tcal,congressout118,test,0.6541468763607101,0.6181707654237882,0.6876875219425067,0.2296275628531829,-0.0902177483807385,0.7282527068966798,0.5669012509701267,380105,582331,154.2,none,20260703T222052Z
blend3_mlp_tfidf_emb3_tcal,forecast108_119,val,0.4039442259981847,0.7967388793144271,0.888061431120667,0.1323716754315267,0.3505424067638077,0.4220575880229895,0.7929140853863517,416460,696877,237.7,none,20260703T222405Z
blend3_mlp_tfidf_emb3_tcal,forecast108_119,test,0.3240871369293231,0.8621297423228514,0.9186413787728352,0.0993875812701323,0.4768366122444486,0.3544823060628781,0.8510415487376882,353320,689351,237.7,none,20260703T222405Z
blend3_mlp_tfidf_emb3_tcal,randomrc108_119,val,0.3983962258361798,0.8050837921186266,0.8889102088864924,0.1300086586236095,0.3456359149945485,0.453668958247473,0.7788609760221181,402204,702035,235.7,none,20260703T222906Z
blend3_mlp_tfidf_emb3_tcal,randomrc108_119,test,0.390468109148984,0.8103858381172381,0.8957937584106654,0.1270089901135601,0.3734092905932035,0.4209252334186131,0.795187068384188,406322,699568,235.7,none,20260703T222906Z
blend3_mlp_tfidf_emb3_tcal,congressout118,val,0.5962888537759208,0.6490671638145153,0.6671850148409837,0.2083504327674859,-0.1434292882020719,0.7717391918455685,0.4839116806745999,288408,511719,239.2,none,20260703T223403Z
blend3_mlp_tfidf_emb3_tcal,congressout118,test,0.642996565182726,0.6206813650655727,0.7052334666429929,0.2257174421003065,-0.0830493598952689,0.7144115058771914,0.5718893463648203,380105,582331,239.2,none,20260703T223403Z
emb2_mlp_mq_16d_tcal,randomrc108_119,val,0.4274964333547463,0.7801662310283676,0.8698221331381156,0.1416831062964101,0.2619837793377838,0.4976345802611533,0.7358156557368898,402204,702035,70.9,none,20260703T223911Z
emb2_mlp_mq_16d_tcal,randomrc108_119,val,0.4274964341816155,0.7801662310283676,0.8698221325661769,0.1416831065510725,0.2619837793377838,0.4976345801064932,0.7358156557368898,402204,702035,71.5,none,20260703T224038Z
emb2_mlp_mq_16d_tcal,randomrc108_119,val,0.4274964343567901,0.7801662310283676,0.8698221325661769,0.141683106870641,0.2619837793377838,0.497634582384103,0.7358156557368898,402204,702035,71.0,none,20260703T224205Z
meta_tower_8d,randomrc108_119,val,0.5511218569051477,0.6869871160269787,0.75142705562753,0.1895724824667725,-0.050833030471126,0.6665108340629746,0.5921572137522252,402204,702035,16.8,none,20260703T224529Z
emb2_mlp_mq_16d_tcal,randomrc108_119,val,0.4273385901858197,0.7800907362168553,0.8696470898515383,0.1417133418703444,0.2617303314906559,0.4974674067789109,0.7359399707611063,402204,702035,69.8,none,20260703T224529Z
constant_rate,congressout118,val,0.633004070666079,0.6752807693284791,0.5,0.2204684931954363,-0.0580186306533463,0.7246499773112901,0.5169031372222684,288408,511719,0.0,67d3d61,20260703T230637Z
constant_rate,congressout118,test,0.6932134390667254,0.5712301079626535,0.5,0.2497603598365005,-0.2242450392496237,0.7353589260323963,0.4983964957051341,380105,582331,0.0,67d3d61,20260703T230637Z
nominate_context_logit,congressout118,val,0.6359226635405439,0.6299257991202203,0.5924459968306149,0.2204966520305402,-0.2057967692435038,0.7912228643748843,0.4753266206207872,288408,511719,37.9,67d3d61,20260703T230649Z
nominate_context_logit,congressout118,test,0.6500802025035379,0.6200975046837623,0.6088866998753859,0.2291331656047788,-0.084716426984913,0.7230034598078285,0.5454492837505426,380105,582331,37.9,67d3d61,20260703T230649Z
gb_spatial_tfidf_tcal,congressout118,val,0.6859348287537107,0.6259216484046909,0.5651619121984336,0.2393427211886354,-0.2188433204077604,0.906315876741312,0.4365447560400544,288408,511719,19.6,67d3d61,20260703T230745Z
gb_spatial_tfidf_tcal,congressout118,test,0.6713679293843748,0.6143327420315937,0.6139290742345288,0.2381538617621382,-0.1011762629258988,0.73095944412789,0.5593322897620394,380105,582331,19.6,67d3d61,20260703T230745Z
kraft_bilinear_16d,congressout118,val,0.6383978532198137,0.6737174113136312,0.6838781142508971,0.2129080239310372,-0.0631124524841932,0.8472264039359285,0.5392222129760617,288408,511719,13.9,67d3d61,20260703T230817Z
kraft_bilinear_16d,congressout118,test,0.7585267673363963,0.6426619912043151,0.6815574703784092,0.242485013905848,-0.0202891871086682,0.8922700363255579,0.5793267649728364,380105,582331,13.9,67d3d61,20260703T230817Z
gb_spatial_tfidf,forecast108_119,val,0.842443185338308,0.6549003626177934,0.6891096224687582,0.249554965792666,-0.1026583891940468,1.0781129197700725,0.5639437160831773,416460,696877,19.7,59a41a7,20260703T232326Z
gb_spatial_tfidf,forecast108_119,test,0.8027615514707909,0.724107167466211,0.6893763930803296,0.2202589646032954,-0.0469047592835203,1.2204892071388904,0.5763925053775614,353320,689351,19.7,59a41a7,20260703T232326Z
nominate_logit,regimeA_seed42,test,0.1638958922106691,0.9332590686107772,0.9819634195267496,0.0485734320425187,0.7574828507275136,0.1554792280706461,0.9385591212955976,569930,1058376,15.7,5191568,20260705T184123Z
ideal_point_8d,regimeA_seed42,test,0.1534358497546077,0.9377867600928216,0.9846220041933128,0.0454205860339474,0.7739351657934671,0.1464909453574365,0.9428807046479392,569930,1058376,14.9,5191568,20260705T184123Z
meta_tower_8d,congressout118,val,0.6188918876526233,0.6796972557204247,0.6669750536066685,0.2079259504215386,-0.0436285839812038,0.7884214999776373,0.5494195722726138,288408,511719,17.3,792de30,20260705T193248Z
meta_tower_8d,congressout118,test,0.7173712945358145,0.5857596452876457,0.6379969883277276,0.2409406153521151,-0.1827595844099808,0.824060913790062,0.5141237289696268,380105,582331,17.3,792de30,20260705T193248Z
text_tower_8d,congressout118,val,0.634687727482357,0.6841508718652229,0.6821989166352039,0.2128111381522499,-0.0291175590405786,0.8277967403272593,0.5630669052176084,288408,511719,20.7,792de30,20260705T193318Z
text_tower_8d,congressout118,test,0.7414114312857053,0.6443311450017258,0.6739236705565294,0.2356762711293597,-0.0155233364876857,0.8746425434161554,0.5774904302758448,380105,582331,20.7,792de30,20260705T193318Z
text_tower_mq_8d,congressout118,val,0.6504357085570105,0.6478751033281938,0.5793043924845965,0.2265133824717631,-0.1473133273480927,0.7916707085171417,0.5129608055255055,288408,511719,72.0,792de30,20260705T193352Z
text_tower_mq_8d,congressout118,test,0.7196509071932133,0.5925238395345602,0.6278117151303712,0.248711300584624,-0.1634461218626042,0.794063731199407,0.5363544283816314,380105,582331,72.0,792de30,20260705T193352Z
notext_mq_16d_tcal,forecast108_119,val,0.5019729578675272,0.7089328532868785,0.8010459507391785,0.1721035247499677,0.0699856030664551,0.5554308521591442,0.6630528742256159,416460,696877,63.0,6c8db43,20260705T202114Z
notext_mq_16d_tcal,forecast108_119,test,0.4391886261605681,0.764503134107298,0.828424787093751,0.1471593445868033,0.1063820417689606,0.5092468100100238,0.6993801652892562,353320,689351,63.0,6c8db43,20260705T202114Z
emb2_mlp_mq_16d_rcal,regimeA_seed42,test,0.3695425110146433,0.8067161386879521,0.890256803726645,0.1247598252147969,0.2976626176759388,0.3763611876658254,0.781023985401716,569930,1058376,142.7,44b18ab,20260709T033018Z
notext_mq_16d_rcal,regimeA_seed42,test,0.5329823096198599,0.7040701981148476,0.7622165778177808,0.18355231534460956,-0.07532290071618383,0.5915073816996731,0.6380029126383941,569930,1058376,91.3,44b18ab,20260709T033314Z
